"","Salary_hike","Churn_out_rate","Pred_churn_out_time"
"1",1580,92,89.5329821212101
"2",1600,85,84.7102700298224
"3",1610,80,82.490163596221
"4",1640,75,76.5597539686017
"5",1660,72,73.1867168418255
"6",1690,70,68.9458895065592
"7",1706,68,67.0660492179233
"8",1730,65,64.7186655011929
"9",1800,62,60.8559446711341
"10",1870,60,60.9335645455099
